start,end,size,internal_calls,imports
00000000,0000001C,28,,
0000001C,0000006C,80,0000006C 00003C48 000002D4 00000880 00001AFC,HideCursor ShowCursor FlushEvents
0000006C,000002D4,616,0000DD08 0000DCD0 0000DCD0 0000DCD0 0000DCD0 00001614 000026E4 00002170 0000DC9C 0000DC9C,MaxApplZone MoreMasters MemError InitGraf InitFonts InitWindows InitMenus TEInit InitDialogs InitCursor CurResFile OpenResFile OpenResFile OpenResFile OpenResFile UseResFile GetCTable SetEntries GetCCursor SetCCursor
000002D4,00000388,180,0000DD08 0000D808 000040C4,NewCWindow SetPort ForeColor BackColor TextFont TextSize
00000388,00000880,1272,0000DC9C 0000DC9C 0000DC9C 0000DC9C 0000DD08 0000DC9C 0000DC9C 0000DC9C,UseResFile GetResource BlockMove ReleaseResource GetResource BlockMove ReleaseResource GetResource BlockMove ReleaseResource GetResource BlockMove ReleaseResource NewPtr GetResource SetRect HLock PtToAngle DebugStr HUnlock ReleaseResource GetResource SetRect HLock PtToAngle DebugStr HUnlock ReleaseResource GetResource HLock BlockMove BlockMove BlockMove HUnlock ReleaseResource
00000880,000015B0,3376,0000DC9C 0000DC9C 0000DA58 000057B0 00005514 000057B0 00005514 00002628 00002628 0000DC9C 0000DA58 00002628 00000388 0000DC9C 00002E7C 00005514 0000DC9C 0000DA58 000020E4 000015B0 000020E4 000015B0 000020E4 000015B0 000020E4 000015B0 000020E4 000015B0 000020E4 000015B0 000020E4 000015B0 000020E4 000015B0 000020E4 000015B0 000020E4 000015B0 000020E4 000015B0 000020E4 000015B0 000020E4 000015B0 000020E4 000015B0 000020E4 000015B0 000020E4 000015B0 000020E4 000015B0 000020E4 000015B0 000020E4 000015B0 000020E4 000015B0 000020E4 000015B0 000020E4 000015B0 000020E4 000015B0 000020E4 000015B0 000020E4 000015B0 000020E4 000015B0 000020E4 000015B0 000020E4 000015B0 000020E4 000015B0 000020E4 000015B0 0000DC9C 0001B8A4 000024FC 0001BB08 0001B150 0000DC9C 000015B0 000015B0 0000DC9C 0000DC9C 0000DC9C 0000DC9C 00002628,UseResFile GetResource GetResource GetPicture DrawPicture ReleaseResource HideCursor ShowCursor Delay EraseRect MaxMem GetPicture DrawPicture ReleaseResource UseResFile UseResFile GetResource ReleaseResource UseResFile Count1Resources SetRect Index2Color RGBForeColor FrameRect InsetRect Index2Color RGBForeColor PaintRect InsetRect Index2Color RGBForeColor GetResource DetachResource MoveHHi UseResFile GetDefaultOutputVolume CloseResFile ForeColor InsetRect EraseRect UseResFile GetResource GetResource GetResource GetResource UseResFile CloseResFile MaxMem
000015B0,00001614,100,,PaintRect
00001614,00001AFC,1256,0000DD08 0000DD08 0000DD08 0000DD08 0000DD08 0000DD08 0000DD08 0000DD08 0000DD08 0000DD08 0000DD08 0000DD08 0000DD08 0000DD08 0000DD08 0000DD08 0000DD08 0000DD08 0000DD08 0000DD08 0000DD08 0000DD08 0000DD08 0000DD08 0000DD08 0000DD08 0000DD08 0000DD08 0000DD08 0000DD08 0000DD08 0000DD08 0000DD08 0000DD08 0000DD08 0000DD08 0000DD08 0000DD08 0000DD08 0000DD08 0000DD08 0000DD08 0000DD08 0000DD08 0000DD08 0000DD08 0000DD08,NewPtr NewPtr NewPtr NewPtr NewPtr NewPtr NewPtrClear NewPtrClear NewPtr NewPtr NewPtr NewPtr NewPtr NewPtr NewPtr NewPtr NewPtr NewPtr NewPtr NewPtr NewPtr NewPtr NewPtr NewPtr NewPtr NewPtr NewPtr NewPtr NewPtr NewPtr NewPtr NewPtr NewPtr NewPtr NewPtr NewPtr NewPtr NewPtr NewPtr NewPtr NewPtrClear NewPtrClear NewPtrClear NewPtrClear NewPtrClear NewPtrClear NewPtrClear NewPtrClear
00001AFC,00001D50,596,00004134 000040C4 00001D50 0000609C 0000CB4C 000072F0 0000A7C4 00008BB4 00002628 00012754 00002D18 00002628 000040C4 0000D958 000040C4 000025DC 0001ACE0 0001AAA0 00003B40 00002628 0001BFE0,UseResFile UseResFile GetDateTime ShowCursor EventAvail HideCursor ShowCursor HideCursor ShowCursor HideCursor ShowCursor HideCursor ShowCursor HideCursor HideCursor HideWindow SetDefaultOutputVolume WaitNextEvent WaitNextEvent
00001D50,000020E4,916,0000DC9C 0000DA58 0000DC9C 00023850 00008968 0000DC9C 00023870 0000DBA8 00023748 00005514 00023870 00023748 00023748 00005514 00002E7C 00005514 00023748 00005514 00023870 000238D0 00005514,MaxMem CurResFile UseResFile GetPicture OffsetRect DrawPicture ReleaseResource GetResource ReleaseResource GetResource UseResFile p2cstr GetIndString GetIndString p2cstr GetIndString p2cstr ReleaseResource UseResFile
000020E4,00002170,140,0000DC9C 0000DD08,GetResource DetachResource SetHandleSize MemError HLockHi
00002170,00002490,800,00002490 000024FC 000024FC 000024FC 000024FC 000024FC 000024FC 0001BC90 000024FC 0001BBB0 000024FC 000024FC 00003B40 00003118 00002628 00003450 00002628,NGetTrapAddress NGetTrapAddress Gestalt Gestalt SndSoundManagerVersion Gestalt GetGDevice HasDepth Alert ExitToShell SetDepth SetDepth
00002490,000024FC,108,,GetNewMBar SetMenuBar ReleaseResource GetMenuHandle AppendResMenu DrawMenuBar
000024FC,00002598,156,,UseResFile GetIndString GetIndString ParamText Alert ExitToShell
00002598,000025DC,68,,
000025DC,00002628,76,,SetDepth
00002628,000026E4,188,0001BE3C 0001BE3C 0001BE3C 0001BE3C,
000026E4,00002BF0,1292,00002BF0 00002BF0,CurResFile UseResFile GetResource GetDefaultOutputVolume NewHandleClear AddResource GetResource NewHandle HLock BlockMove HUnlock AddResource HLock BlockMove HUnlock GetResource NewHandle HLock BlockMove HUnlock AddResource HLock BlockMove HUnlock GetResource NewHandle HLock BlockMove BlockMove HUnlock AddResource GetHandleSize SetHandleSize HLock BlockMove BlockMove HUnlock HLock BlockMove HUnlock GetResource NewHandle AddResource WriteResource ReleaseResource UseResFile
00002BF0,00002D18,296,00023870,CurResFile UseResFile GetIndString p2cstr GetDateTime UseResFile
00002D18,00002E7C,356,,CurResFile UseResFile HLock BlockMove HUnlock HLock BlockMove HUnlock HLock BlockMove HUnlock ChangedResource WriteResource ChangedResource WriteResource ChangedResource WriteResource ChangedResource WriteResource UseResFile UpdateResFile
00002E7C,00002F1C,160,0000DC9C 00023748,UseResFile GetResource HLock p2cstr HUnlock ReleaseResource
00002F1C,0000307C,352,,
0000307C,00003118,156,,
00003118,00003348,560,0000DC34 0000DC34 0000DC34 0000DC34 000218F4 0000DC34 000218F4 000037DC,FindFolder FSMakeFSSpec FSpOpenResFile ResError FSpCreateResFile ResError FSpOpenResFile ResError PtrToHand AddResource ResError UpdateResFile CloseResFile Get1Resource BlockMove CloseResFile UseResFile GetString ReleaseResource
00003348,00003450,264,0000DC34 0000DC34,FSpOpenResFile ResError Get1Resource CloseResFile UseResFile BlockMove ChangedResource WriteResource ResError UpdateResFile CloseResFile UseResFile
00003450,00003758,776,00002E7C 00003758 00003758 00003758 00003AB0 000037A4 0000DBA8 0000DBA8 00003348,UseResFile GetNewDialog ShowWindow SelectWindow SetPort SetDialogDefaultItem SetDialogCancelItem SetDialogTracksCursor GetString GetString c2pstr ParamText ModalDialog GetString ParamText Alert Alert EqualString EqualString EqualString EqualString HideWindow DisposeDialog
00003758,000037A4,76,,GetDialogItem GetDialogItemText
000037A4,000037DC,56,00003758,StringToNum
000037DC,000038B4,216,0000DBA8 0000DBA8 0000DBA8 0000DBA8 00003980 00003AB0,NumToString
000038B4,000038F8,68,,
000038F8,00003980,136,,
00003980,00003AB0,304,000038B4 000038F8,
00003AB0,00003B40,144,00003980,EqualString
00003B40,00003BC0,128,00003BC0 00003BFC 00003BFC,Gestalt
00003BC0,00003BFC,60,,GetToolTrapAddress CallUniversalProc
00003BFC,00003C48,76,,GetToolTrapAddress CallUniversalProc
00003C48,00003D7C,308,00003D7C 0000DD08 0000DD08 0000DD08,NewPtr NewPtr NewPtrClear NewRoutineDescriptor
00003D7C,00004064,744,00005178 0000DD08,GetDeviceList GetNextDevice GetVideoDefault NewPtr
00004064,000040C4,96,,
000040C4,00004134,112,,
00004134,0000419C,104,,
0000419C,000041BC,32,,
000041BC,000041E4,40,,
000041E4,00004338,340,,
00004338,000043B4,124,,
000043B4,00004438,132,,
00004438,000044A0,104,,
000044A0,00004510,112,,
00004510,0000456C,92,,
0000456C,000045EC,128,,
000045EC,0000473C,336,,
0000473C,00004774,56,,
00004774,0000488C,280,000045EC,
0000488C,000048F0,100,000048F0,
000048F0,00004944,84,,
00004944,00004A9C,344,,
00004A9C,00004B94,248,00004B94 0000419C,SetCurrentA5 SlotVInstall SlotVRemove
00004B94,00004C18,132,00004E24 00004E24,
00004C18,00004E24,524,0000E140,
00004E24,00004E80,92,,Random
00004E80,00004F64,228,000045EC,
00004F64,00005048,228,000045EC,
00005048,000050D4,140,,
000050D4,00005178,164,,
00005178,00005220,168,,GetDCtlEntry GetHandleSize Gestalt
00005220,000052FC,220,00023850,
000052FC,00005514,536,00023850 000044A0 00004438 000043B4 00004338,
00005514,000055F0,220,000052FC 00005220 000052FC 00005220 000052FC,
000055F0,00005740,336,000044A0 00004438 000043B4 00004338,
00005740,000057B0,112,,
000057B0,000057BC,12,,
000057BC,00005AF4,824,00023850 000052FC 00005740 000055F0 00004064 000050D4 00004064 000050D4 00005740 00004064 000050D4 00004064 000050D4 00004064 000050D4 00005740 000055F0,FlushEvents LMGetTicks LMGetTicks GetOSEvent FlushEvents
00005AF4,00005B34,64,000052FC,
00005B34,00005BC4,144,000052FC,HideCursor ShowCursor
00005BC4,00005C88,196,000057B0 00005220 000057B0 00004064 00005AF4,HideCursor ShowCursor
00005C88,00005D78,240,00005B34 00005B34 00005B34 00005B34 00005B34,Delay Delay Delay Delay
00005D78,00005FDC,612,00023870 00023850 00023870 00005220 00005220 00005AF4,CurResFile UseResFile GetIndString NewPtrClear GetIndString p2cstr UseResFile
00005FDC,0000609C,192,00005220,PtInRect
0000609C,000062F0,596,00005D78 00005FDC 00005B34 00002628 0000DD84 00005FDC 00005B34 00005B34 00005C88,UseResFile FlushEvents HideCursor GetOSEvent ShowCursor GetOSEvent DisposePtr FlushEvents
000062F0,00006358,104,,UseResFile GetIndString p2cstr
00006358,00006AC8,1904,0000DC9C 000040C4 00005514 00005D78 00005D78 000062F0 000052FC 00005FDC 00005B34 00005FDC 00005B34 00004064 00005514 00002628 00004064 00005514 00005FDC 00005B34 00005B34 00005FDC 00005B34 00005B34 00005C88 00005C88 00004064 00005514 00004064 00005514 00004064 00005514 000062F0 00004064 000052FC 00004064 00005514 00002628,UseResFile GetResource ReleaseResource FlushEvents GetMouse ShowCursor LMGetTicks HideCursor ShowCursor GetMouse Button HideCursor FlushEvents GetOSEvent LMGetTicks LMGetTicks ShowCursor HideCursor FlushEvents DisposePtr DisposePtr
00006AC8,00006DCC,772,00023870 00005220 00005514 000057B0 000052FC 0001487C 000057BC 00023870 00002D18 000057B0,GetDateTime UseResFile GetIndString p2cstr
00006DCC,000072F0,1316,000041BC 00005514 00005514 000057B0 000057B0 00004E80 00006AC8 000057B0 000057B0 00004E80 00023748 00023748 000057B0 00005514 0000609C 00002628 000040C4 000040C4 00004F64 00007A2C 00023870 00007A2C 00004E80 00002628 000040C4 000040C4 00016DA4 00004510 00004134 00012BF0,UseResFile FlushEvents GetOSEvent FlushEvents ShowCursor HideCursor GetDateTime GetDateTime
000072F0,00007A2C,1852,00002628 000040C4 0000DC9C 00005514 00023748 00005514 0000DC9C 00005514 00005514 00005514 00023748 0000B268 00005514 00023870 00023748 00005514 00023748 00005514 00004E24 000057B0 00005D78 00005D78 00005FDC 00005B34 00005FDC 00005B34 00002628 0000DD84 00005FDC 00005B34 00005B34 00005FDC 00005B34 00005B34 00005C88 00002BF0 00002D18 00005C88 00002628 00004F64 00007A2C 00004E80 00002628 00002628 000040C4,UseResFile GetResource ReleaseResource GetResource ReleaseResource Index2Color Index2Color RGBForeColor RGBForeColor RGBForeColor IUDateString IUTimeString MoveTo DrawString Move DrawString RGBForeColor FlushEvents GetMouse ShowCursor GetOSEvent Button UseResFile Alert HideCursor ShowCursor HideCursor FlushEvents DisposePtr DisposePtr
00007A2C,00008788,3420,000040C4 0000DC9C 00005514 00005514 00005514 00005514 000238D0 000238D0 00005514 00023748 00023748 000238D0 00005514 00005514 00005514 0000DC9C 00004E24 00005514 00023748 00023870 00005514 00008788 00005D78 00005FDC 00005B34 00002628 00008788 00005FDC 00005B34 00005B34 00005C88 00002628 000040C4,UseResFile GetResource ReleaseResource GetDateTime IUDateString IUTimeString p2cstr p2cstr Get1IndResource Random ReleaseResource FlushEvents GetOSEvent LMGetTicks ShowCursor LMGetTicks LMGetTicks GetOSEvent FlushEvents DisposePtr HideCursor
00008788,00008968,480,0000456C,GetMouse SectRect HideCursor ShowCursor
00008968,00008BB4,588,0002388C 00005740 0002388C 00005220 00005514,
00008BB4,00008FFC,1096,00002628 000040C4 00005D78 00005220 00005AF4 00005BC4 000091B0 00005FDC 00005B34 00002628 00008788 0000DD84 00005FDC 00005B34 00005B34 00005C88 00005C88 00005BC4 00005BC4 000091B0 00005C88 00005BC4 00005BC4 000091B0 00002628 000040C4,UseResFile FlushEvents GetMouse ShowCursor LMGetTicks LMGetTicks LMGetTicks GetOSEvent Button HideCursor FlushEvents DisposePtr
00008FFC,000091B0,436,0000DC9C 0000DC9C 0000DC9C 00005514 00008968,UseResFile GetResource GetResource GetResource GetResInfo p2cstr GetHandleSize ReleaseResource ReleaseResource ReleaseResource
000091B0,000098F0,1856,00004064 00008FFC 0000DC9C 0000DC9C 00005514 00004E24 00005514 00023850 00008968 00008788,HideCursor ShowCursor UseResFile GetResource GetResource GetResInfo p2cstr ReleaseResource Random ReleaseResource ShowCursor
000098F0,0000A338,2632,000040C4 0000DC9C 00023748 00005514 0000DC9C 00005514 00005514 00023748 00005514 00005514 0000DEB0 0000A338 0000DEB0 0000A338 0000DEB0 0000A338 0000DEB0 0000A338 0000DEB0 0000A338 0000DEB0 0000A338 0000DEB0 0000A338 0000DEB0 0000A338 0000DEB0 0000A338 0000DEB0 0000A338 0000DEB0 0000A338 0000DEB0 0000A338 0000DEB0 0000A338 0000DEB0 0000A338 0000DEB0 0000A338 0000DEB0 0000A338 00008788 00005514 00023748 00005514 00002628 00008788 00002628 000040C4,UseResFile GetResource ReleaseResource GetResource ReleaseResource FlushEvents LMGetTicks LMGetTicks LMGetTicks GetOSEvent FlushEvents
0000A338,0000A7C4,1164,00004E24,Random
0000A7C4,0000ADC4,1536,000057B0 0000DC9C 0000DC9C 00002628 000040C4 00005514 00005514 00005514 00005514 00005D78 00005220 00005AF4 0000ADC4 0000ADC4 0000ADC4 0000ADC4 00005FDC 00005B34 00002628 0000DD84 00005FDC 00005B34 00005B34 00005C88 0000ADC4 00005C88 0001B634 0001BA34 0001B634 0001487C 0000ADC4 00005C88 0001B634 0001BA34 0001B634 0001487C 0000ADC4 00005C88 0000ADC4 00005C88 00002628 00004F64 00006358 00004E80 00002628 0000ADC4 00005C88 00002D18 00002628 000040C4,UseResFile GetResource GetResource ReleaseResource ReleaseResource FlushEvents GetMouse ShowCursor GetOSEvent Button HideCursor ShowCursor HideCursor FlushEvents DisposePtr
0000ADC4,0000B268,1188,000057B0 00023748 00005514 0000DC9C 00008968 000062F0 000238D0 000238D0 0000DC9C 00008968 00023850 00008968 0000DC9C 00008968 00005514 0000DC9C 00008968 00005514,HideCursor EraseRect GetResource GetHandleSize ReleaseResource EraseRect GetResource GetHandleSize ReleaseResource EraseRect GetResource GetHandleSize ReleaseResource EraseRect GetResource GetHandleSize ReleaseResource ShowCursor
0000B268,0000B604,924,,
0000B604,0000C68C,4232,00004510 0000DDD0 0000DDD0 00004510 0000DDD0 0000DDD0,CurResFile UseResFile GetResource UseResFile HLock HUnlock
0000C68C,0000CB4C,1216,,CurResFile UseResFile GetResource UseResFile SetHandleSize GetResInfo SetResInfo HLock GetDateTime HUnlock ChangedResource WriteResource UpdateResFile UseResFile ResError
0000CB4C,0000CF84,1080,0000DC9C 00002628 000040C4 000057B0 00005514 00023870 00023870 00005D78 00005AF4 00005FDC 00005B34 0000D480 00002628 0000DD84 00005FDC 00005B34 00005B34 0000D480 0000D480 00005C88 0000D3B0 00005C88 00005C88 0001487C 00002628 000040C4,CurResFile UseResFile GetResource ReleaseResource UseResFile GetResource GetResInfo p2cstr UseResFile FlushEvents GetMouse ShowCursor GetOSEvent Button ReleaseResource HideCursor FlushEvents DisposePtr
0000CF84,0000D3B0,1068,00004A9C 0000DC9C 000057B0 00005514 00023870 00023870 00005D78 00005AF4 00005FDC 00005B34 0000DD84 00005FDC 00005B34 00005B34 00005C88 000057BC 00023850 00023870 0000C68C 00004E80 00002598 00004A9C,CurResFile UseResFile GetResource ReleaseResource UseResFile GetResource GetResInfo ReleaseResource p2cstr UseResFile FlushEvents GetMouse ShowCursor GetOSEvent Button HideCursor ShowCursor c2pstr HideCursor FlushEvents DisposePtr
0000D3B0,0000D480,208,,GetHandleSize
0000D480,0000D808,904,000057B0 00004064 00023870 00023748 00023870 000238D0 000238D0 00023748 000238D0 00023748 000238D0 00023748 000238D0 00023748 000238D0 00023748 00023870 000238D0 000238D0 00023748 000238D0 00023748 000238D0 00023748 000238D0 00023748 000238D0 00005514,GetMouse SectRect HideCursor GetHandleSize IUDateString p2cstr IUTimeString p2cstr IUDateString p2cstr IUTimeString p2cstr ShowCursor
0000D808,0000D958,336,,LMGetMBarHeight LMSetMBarHeight GetPort SetPort NewRgn CopyRgn NewRgn RectRgn CopyRgn SetClip DisposeRgn NewRgn GetGrayRgn CopyRgn NewRgn SetRectRgn GetGrayRgn GetGrayRgn UnionRgn DisposeRgn SetPort
0000D958,0000DA58,256,,GetPort SetPort NewRgn CopyRgn DiffRgn PaintRgn DisposeRgn CopyRgn DisposeRgn GetGrayRgn CopyRgn DisposeRgn LMSetMBarHeight DrawMenuBar SetPort
0000DA58,0000DAE4,140,,
0000DAE4,0000DB48,100,0000DBA8 0000DBD4 0000DBD4,NumToString DebugStr
0000DB48,0000DBA8,96,0000DAE4 0000DAE4,ExitToShell
0000DBA8,0000DBD4,44,,BlockMoveData
0000DBD4,0000DC34,96,,BlockMoveData
0000DC34,0000DC9C,104,00002628,UseResFile ParamText Alert
0000DC9C,0000DCD0,52,0000DC34,ExitToShell
0000DCD0,0000DD08,56,0000DC34,ExitToShell
0000DD08,0000DD3C,52,0000DC34,ExitToShell
0000DD3C,0000DD84,72,00023748,
0000DD84,0000DDD0,76,,
0000DDD0,0000DEB0,224,00004510,
0000DEB0,0000DF14,100,,
0000DF14,0000DFBC,168,0000DB48,
0000DFBC,0000E0C4,264,0000DB48 0000DB48 0000DB48 0000DB48,
0000E0C4,0000E140,124,00004510 00004510,
0000E140,0000E16C,44,,
0000E16C,0000E19C,48,,
0000E19C,0000E240,164,0000E16C 00004510 00004510,
0000E240,0000E3AC,364,0000E19C,Random Random
0000E3AC,0000E55C,432,0000E19C,Random Random Random
0000E55C,0000E6F4,408,,
0000E6F4,0000E7DC,232,,
0000E7DC,0000E858,124,,PtToAngle
0000E858,0000F334,2780,00004944 00013D5C 0000F488 0001487C 0001A3D8 0000F420 0001487C 00004E24 00004E24 00013D5C 00013D5C 0001487C 00013D5C 0000F488 0001487C 000145A0 00005048 000113B8 0000E3AC 0000488C 0000E3AC 0000488C 00004774 0000DFBC 000124B0 00012370 00004774 0000DFBC 00004C18 0000FA2C 0000FB34 0000F798 0001663C 00010648 00016D6C 00002598 00004A9C 00002598 00004A9C,LMGetTicks LMGetTicks LMGetTicks LMGetTicks Random LMGetTicks LMGetTicks
0000F334,0000F390,92,0000F8D8,
0000F390,0000F3E0,80,0000F96C,
0000F3E0,0000F420,64,0000F96C,
0000F420,0000F488,104,0000DD3C 0000FC28,
0000F488,0000F4F0,104,0000DD3C 0000FC28,
0000F4F0,0000F558,104,0000DD3C 0000FC28,
0000F558,0000F6D4,380,0000DD3C 0000FC28 0000DD3C 0000FC28 0001487C 0000F738,
0000F6D4,0000F738,100,0000DD3C 0000FC28,
0000F738,0000F798,96,0000DD3C 0000FC28,
0000F798,0000F7FC,100,0000DD3C 0000FC28,
0000F7FC,0000F8D8,220,00004438 00004064,
0000F8D8,0000F96C,148,00004064 00004064,
0000F96C,0000FA2C,192,0000F8D8 00004064 00004064 0000F8D8,
0000FA2C,0000FB34,264,0000419C 0000473C,
0000FB34,0000FC28,244,0000419C 0000419C,
0000FC28,0000FCD8,176,00023850 00004438,
0000FCD8,000101A0,1224,0000DB48,SectRect SectRect SectRect SectRect SectRect SectRect SectRect SectRect SectRect ExitToShell
000101A0,00010648,1192,0000DB48,PtInRect PtInRect PtInRect PtInRect PtInRect PtInRect PtInRect PtInRect PtInRect ExitToShell
00010648,000107B4,364,0001487C 0000F558 00004A9C 00002628 000098F0 00012BF0 0000E0C4 00004A9C 00002628 0001487C,
000107B4,00011318,2916,0000F558 0001487C 0001487C 0001487C 0001487C 0001487C 0001487C 0001487C,DebugStr
00011318,000113B8,160,0000DDD0 0000DF14 000107B4,
000113B8,00012224,3692,00002598 00002598 00002598 00002598 00011318 0000F7FC 0001487C 00016BB4 0001487C 0001487C 0000F7FC 000107B4 000107B4 000124B0 00016BB4 0000F7FC 00016BB4 0000F7FC 000122C4 00016BB4 0001487C 00002598 00016BB4 00002598 00012224 00012224 00012224 00012224 00012224 00012224 0001487C 00002598 0001487C 0000F334 0000F334 0000E55C 000172DC 0001801C 000174E8 000173F8 000177A8 000173F8 0000DEB0 00013D5C 0000F4F0 00012370 0000E55C,Random sqrt sqrt
00012224,000122C4,160,00011318,
000122C4,00012370,172,00011318 0001487C,
00012370,000124B0,320,0001487C 0000F738 000124B0 000124B0 000124B0,
000124B0,00012754,676,0000419C 0000F420 0000F488 0000F4F0 000107B4,
00012754,00012BF0,1180,0000B604 0000307C 00002F1C 00002F1C 00004510 0000DC9C 0000DC9C 0000DC9C 0000DC9C 00004134 00012BF0 0000E0C4 00004A9C 00002628 00002598 0000CF84 0000DD84 00002598 00002598 0001A55C 0000E858 00004A9C 00002628 00006DCC 00002628 00002598 000040C4 00004134,GetHandleSize UseResFile Get1Resource Get1Resource Get1Resource Get1Resource UseResFile GetDateTime LMGetTicks GetOSEvent ReleaseResource ReleaseResource ReleaseResource ReleaseResource
00012BF0,00013328,1848,00004134 000040C4 00004510 0000DDD0 000107B4 00013328 00004064 00004064 00004064 00004064 00004064 00004064 00004064 00004064 0000DC9C 0000F7FC 0000FB34 0000F8D8 0000F334 0000F8D8 0000F8D8 0000F420 0000F488 0000F4F0 0000F558 0000F6D4 0000F738 0000F798,UseResFile GetCIcon OffsetRect PlotCIcon DisposeCIcon UseResFile LMGetTicks LMGetTicks LMGetTicks sqrt ReleaseResource
00013328,00013D5C,2612,00013D5C 00004E24 00004E24 00004E24 00004E24 00004E24 00004E24 00004E24 00004E24 00004E24 00004E24 00004E24 00004E24 00004E24 00004E24 00004E24 00004E24 00004E24 00004E24 00004E24 00004E24 00004E24 00004E24 00004E24 00004E24 00004E24 00004E24 00004E24 00004E24 00013D5C 00013D5C 00013D5C 00004E24 00004E24 00013D5C 00013D5C 00013D5C,Random
00013D5C,000145A0,2116,0000DDD0 0000DF14 00004E24 00004E24 00004E24 00004E24 00004E24 00004E24 00004E24 00004E24 00004E24,sqrt sqrt
000145A0,0001487C,732,00014914 0000FCD8 000101A0 000107B4 0001487C 0001487C 0001487C 0000473C 0000419C 0000419C 0000419C,DebugStr
0001487C,00014914,152,0001B8F0,
00014914,000161D0,6332,0000E6F4 0000E7DC 00011318 0001487C 0000E7DC 0000E7DC 0000E6F4 0000E7DC 0000E7DC 0000E7DC 0000E6F4 0000E7DC 0000E6F4 00011318 0001487C 0000E7DC 0000E7DC 0000E7DC 0000E7DC 00011318 0001487C,Random Random Random Random Random
000161D0,00016390,448,00004E24 00011318 0000F488 0001487C,
00016390,00016504,372,00011318 0000F488 0001487C,
00016504,0001663C,312,00011318 0000F488 0001487C,
0001663C,00016BB4,1400,00004A9C 00002628 00004134 00004064 00016DA4 000107B4 0000FA2C 0000F8D8 0000F8D8 0000419C 0000DFBC 000124B0 0000DFBC 00012370 0000DFBC 00004E24 00004E24 0000FCD8 0000E0C4 00004A9C 00002628,sqrt
00016BB4,00016D6C,440,00004064 0000F7FC,
00016D6C,00016DA4,56,0001487C 0001663C,
00016DA4,0001708C,744,00002F1C 00002F1C 0000F7FC 00016BB4 0000F7FC 00016BB4 0000F7FC 00016BB4 0000F7FC 00016BB4,
0001708C,000172DC,592,000041E4,SectRect DebugStr DebugStr
000172DC,000173F8,284,0001708C 0000E240 000192FC 000107B4,
000173F8,000174E8,240,0001708C 00019DFC 0001708C 000181A4,
000174E8,000177A8,704,0001708C 0001487C 0000F390 000107B4 0000E55C 0000F334 0001708C 000181A4,sqrt sqrt
000177A8,0001801C,2164,0001708C 0001487C 0000F390 0001487C 0000F3E0 0001487C 0001487C 0001487C 0001487C 0000F390 00004E24 0001487C 00002F1C 0000F334 0001487C 00002F1C 0000F390 0001487C 0000F7FC 0001487C 0000F7FC 0001487C 0000F7FC 0001487C 0000F7FC 0001487C 0000F7FC 0001487C 0000F558 00004E24 0001487C 0000F7FC 0001487C 0000F7FC 0001487C 0000F7FC 0001487C 0000F7FC 000124B0 0001708C 000181A4,Random sqrt
0001801C,000181A4,392,0001708C 0001487C 0000E240 00019DFC 0000F390 000107B4 000124B0 0001708C 0000E240 000181A4,
000181A4,000192FC,4440,00019D1C 00019D40 00019D1C 000107B4 00019D40 000107B4 00019D1C 00019D1C 00019D1C 00019D1C 00019D40 00019D40 000107B4 00019D1C 00019D1C 00019D1C 000107B4 000107B4 000107B4 00019D1C 00019D1C 00019D40 00019D1C 00019D40 00019D40 00019D1C 000107B4 000107B4 00019D1C 00019D40 000107B4 000107B4 00019D40 00019D1C 000192FC 00019DD8 00019D40 000192FC 000107B4 000107B4 00019D40 00019D40 000124B0 000192FC 000192FC 00019D1C 00019D1C 000192FC 000107B4 000107B4 000107B4 0001487C,LMGetTicks LMGetTicks
000192FC,00019D1C,2592,0001487C 0001487C 000107B4 0001487C 0000F558 000107B4 000124B0 0001487C 000107B4 0001487C 000107B4 0001A3D8 0001A3D8 00013D5C 0000F420 0001487C 000107B4 0001487C 00004E24 00004E24 0001A3D8 0000F420 0001487C 0001487C 00011318 00004E24 00004E24 00011318 00004E24 0000F488 0001487C 000107B4 0001487C 0001487C 000107B4 000107B4 00004E24 0001487C 000161D0 00016504 00016390,Random Random
00019D1C,00019D40,36,,
00019D40,00019DD8,152,,
00019DD8,00019DFC,36,,
00019DFC,0001A3D8,1500,0001487C 0001487C 0000E55C 0000F334 000107B4 0000F390 000107B4,sqrt sqrt
0001A3D8,0001A55C,388,00004E24,Random
0001A55C,0001A70C,432,0001487C 0000F390 0000F3E0 00002F1C 0000F334 00002F1C 0000F390 00016BB4,sqrt
0001A70C,0001AA4C,832,0001AA4C 0001AAA0,GetToolTrapAddress GetToolTrapAddress SndSoundManagerVersion Gestalt Gestalt NewRoutineDescriptor NewRoutineDescriptor NewPtr MemError
0001AA4C,0001AAA0,84,,NewPtrClear MemError
0001AAA0,0001AC14,372,0001AC14,DisposePtr DisposeRoutineDescriptor DisposeRoutineDescriptor HUnlock DisposeHandle DisposePtr DisposePtr
0001AC14,0001ACE0,204,,SndDisposeChannel DisposePtr DisposePtr
0001ACE0,0001AD30,80,0001AC14,
0001AD30,0001AEEC,444,,SndNewChannel NewPtr MemError NewPtr DisposePtr MemError
0001AEEC,0001AF3C,80,0001AD30,
0001AF3C,0001B014,216,,SndDoImmediate SndDoImmediate HUnlock
0001B014,0001B054,64,,
0001B054,0001B150,252,0001B354,
0001B150,0001B1F4,164,0001B054,GetResource ResError DetachResource ResError
0001B1F4,0001B354,352,0001AD30 0001AF3C 0001B72C,SndDoImmediate SetCurrentA5 SndDoCommand
0001B354,0001B3AC,88,0001B3AC,HLockHi
0001B3AC,0001B470,196,,GetSoundHeaderOffset
0001B470,0001B564,244,,SndDoImmediate SetCurrentA5 SndDoCommand
0001B564,0001B634,208,0001B470,SetA5 SetA5
0001B634,0001B6D0,156,,SndDoImmediate
0001B6D0,0001B72C,92,,SndDoImmediate
0001B72C,0001B7F8,204,,CallUniversalProc SndPlayDoubleBuffer
0001B7F8,0001B8A4,172,,BlockMoveData
0001B8A4,0001B8F0,76,0001A70C 0001AEEC,
0001B8F0,0001BA34,324,0001B014 0001B1F4 0001B1F4,
0001BA34,0001BB08,212,0001B634 0001B6D0,
0001BB08,0001BBB0,168,0001B6D0,
0001BBB0,0001BC90,224,,NGetTrapAddress NGetTrapAddress TestDeviceAttribute TestDeviceAttribute HasDepth
0001BC90,0001BE3C,428,0001C084,GetDeviceList NewHandleClear MemError NewHandle MemError NewHandle MemError BlockMoveData GetNextDevice
0001BE3C,0001BFE0,420,0001C134,BlockMoveData
0001BFE0,0001C084,164,,DisposeHandle DisposeHandle DisposeHandle
0001C084,0001C134,176,0001BBB0,NewPtrClear MemError PBStatusSync DisposePtr
0001C134,0001C238,260,0001BBB0,NewPtrClear MemError PBControlSync GetGDevice SetGDevice SetEntries SetGDevice DisposePtr
0001C238,0001C2C4,140,,InitGraf InitFonts FlushEvents InitWindows InitMenus TEInit InitDialogs InitCursor MaxApplZone MoreMasters
0001C2C4,0001C3B0,236,,HLock HLock HUnlock HUnlock
0001C3B0,0001C580,464,0001ED9C 0001DDDC 0001E4E0 0001F62C 0001F3F0,FindWindow MenuSelect SystemClick FrontWindow SelectWindow StillDown WaitMouseUp FrontWindow SelectWindow DragWindow FrontWindow SelectWindow
0001C580,0001C648,200,0001ED9C 0001EFB4 0001EF18 0001F198,TEActivate ShowControl TEDeactivate HideControl
0001C648,0001C6EC,164,0001EF18 0001F198,TEActivate ShowControl TEDeactivate HideControl
0001C6EC,0001C874,392,00024128 00024128 00024128 0001C3B0 0001C580 0001C648 00024148,TickCount TickCount WaitNextEvent SystemTask GetNextEvent AEProcessAppleEvent DIBadMount
0001C874,0001C9F4,384,0001C6EC 0001F060,HLock HLock HUnlock TEDelete TESetSelect TEInsert TESetSelect HUnlock
0001C9F4,0001CA80,140,,
0001CA80,0001CAD4,84,,SysBeep
0001CAD4,0001CFA0,1228,0001ED9C 0001C3B0 0001ED9C 00024128 0001DDDC 0001E4E0 0001C9F4 0001E4E0 00024128 0001CA80 0001CA80 0001F110 0001EDB4 0001EDB4 0001EDB4 0001F060 0001C580 0001C648 00024148,WaitNextEvent SystemTask GetNextEvent FrontWindow GetPort SetPort GlobalToLocal PtInRect SetCursor SetCursor TEIdle SetPort SetCursor TEIdle MenuKey SysBeep TESetSelect GetControlMinimum SetControlValue GetControlMaximum SetControlValue TEKey AEProcessAppleEvent DIBadMount
0001CFA0,0001D0E0,320,000202C0 0001DF90,GetWTitle SetCursor KillControls TEDispose CloseWindow DisposePtr
0001D0E0,0001D21C,316,0001C238 0001DD00 0001F7C4,NewPtr GetToolTrapAddress GetToolTrapAddress GetCursor
0001D21C,0001D304,232,0001F198 0001F060 0001CAD4 0001CFA0,TEActivate
0001D304,0001D898,1428,0001F198 0001C2C4 0001C874 0001C2C4 0001C874 0001C874 0001C874 0001F198,GetPort SetPort TESetSelect TEKey TESetSelect TEKey SysBeep TESetSelect TEDelete TESetSelect TEKey SetPort
0001D898,0001DBB8,800,0001F198 0001F060 0001CAD4 0001CFA0 00020840 000241E8 0001F198,GetPort SetPort SelectWindow TESetSelect TEActivate SetPort BlockMoveData BlockMoveData MemError SetPort
0001DBB8,0001DC80,200,,GetScrap TEScrapHandle HLock TEScrapHandle GetScrap TEScrapHandle HUnlock TEScrapHandle HUnlock LMSetTEScrpLength
0001DC80,0001DD00,128,,ZeroScrap TEScrapHandle HLock TEScrapHandle LMGetTEScrpLength PutScrap TEScrapHandle HUnlock
0001DD00,0001DDDC,220,,NewMenu AppendMenu AppendResMenu InsertMenu NewMenu AppendMenu InsertMenu NewMenu AppendMenu InsertMenu DrawMenuBar
0001DDDC,0001DF90,436,0001ED9C,DisableItem DisableItem DisableItem DisableItem DisableItem DisableItem DisableItem FrontWindow EnableItem EnableItem EnableItem EnableItem EnableItem EnableItem EnableItem
0001DF90,0001E2D4,836,0001FF4C,HLock PBHOpenDFSync PBWriteSync PBSetEOFSync PBCloseSync GetWTitle SFPutFile LMGetCurDirStore BlockMoveData PBHCreateSync LMGetTime LMGetTime PBHSetFInfoSync PBHOpenDFSync PBWriteSync PBSetEOFSync PBCloseSync SetWTitle HUnlock SetCursor HUnlock
0001E2D4,0001E35C,136,0001CA80 0001DC80 0001F060,TECut
0001E35C,0001E3B0,84,0001DC80,TECopy
0001E3B0,0001E420,112,0001CA80 0001DBB8 0001F060,TEPaste
0001E420,0001E4A4,132,0001CA80 0001F060,TEDelete
0001E4A4,0001E4E0,60,0001F060,TESetSelect
0001E4E0,0001E670,400,0001ED9C 0001FCAC 0001DF90 0001E71C 0001EB48 0001E2D4 0001E35C 0001E3B0 0001E420 0001E4A4,FrontWindow GetMenuItemText OpenDeskAcc HiliteMenu
0001E670,0001E71C,172,,PrOpen PrError NewHandle PrintDefault PrError PrClose DisposeHandle PrClose
0001E71C,0001E770,84,0001E670,PrOpen PrError PrStlDialog PrClose
0001E770,0001E7E4,116,,DrawText
0001E7E4,0001EB48,868,00023748 000238D0 00023850 0001E770,PrOpenDoc SetPort TextFont TextSize TextFace GetFontInfo HLock PrOpenPage TextFont TextSize TextFace MoveTo GetWTitle DrawString StringWidth MoveTo DrawText MoveTo Line TextFont TextSize TextFace MoveTo MoveTo PrClosePage HUnlock PrCloseDoc
0001EB48,0001EC8C,324,0001E670 0001E7E4,PrOpen PrError SetCursor PrJobDialog GetCursor SetCursor GetPort PrPicFile SetPort PrClose
0001EC8C,0001ECE0,84,,HiliteControl Delay HiliteControl
0001ECE0,0001ED9C,188,,HLock HUnlock PenNormal PenSize FrameRoundRect PenNormal
0001ED9C,0001EDB4,24,,
0001EDB4,0001EE30,124,,GetControlValue TEScroll
0001EE30,0001EF18,232,,InsetRect TECalText
0001EF18,0001EFB4,156,,GetPort SetPort SetRect ClipRect DrawGrowIcon ClipRect SetPort
0001EFB4,0001F060,172,0001EF18 0001F198,GetPort SetPort BeginUpdate EraseRect DrawControls TEUpdate EndUpdate SetPort
0001F060,0001F110,176,,SetControlMaximum SetControlValue
0001F110,0001F198,136,,GetControlValue GetControlMaximum SetControlValue
0001F198,0001F3F0,600,00023850 00023850 00023850 00023850 00023850 00023850,GetPort SetPort SetRect InsetRect ClipRect InsetRect EraseRect MoveTo Line TextFont TextSize TextFace MoveTo DrawText MoveTo DrawText DrawText DrawText DrawText DrawText ClipRect SetPort
0001F3F0,0001F59C,428,0001EE30 0001F060 0001EDB4,GetPort SetPort GrowWindow EraseRect CharWidth CharWidth SizeWindow InvalRect MoveControl SizeControl ValidRect SetPort
0001F59C,0001F62C,144,0001F110 0001EDB4,
0001F62C,0001F7C4,408,0001CA80 0001F060 0001EDB4,GetPort SetPort GlobalToLocal FindControl PtInRect TEClick TESetSelect TrackControl NewRoutineDescriptor TrackControl DisposeRoutineDescriptor SetPort
0001F7C4,0001FCAC,1256,00024148 0001EFB4,GetPort GetCurrentProcess GetProcessInformation BlockMoveData BlockMoveData NewPtr NewWindow SetPort TextFont TextSize TextFace GetFontInfo CharWidth LMGetMBarHeight CharWidth CharWidth LMGetMBarHeight MoveWindow MoveWindow SizeWindow NewControl ShowWindow InsetRect TENew TEAutoView SetPort
0001FCAC,0001FF4C,672,,SetCursor GetPort LMGetMBarHeight LMGetMBarHeight OffsetRect NewWindow SysBeep SetPort TextFont TextSize TextFace RGBForeColor SetRect TETextBox TextSize TextFace RGBForeColor SetRect TETextBox SetRect TETextBox SetRect TETextBox GetNextEvent DisposeWindow SetPort
0001FF4C,000202C0,884,00023850 000238D0 00023850 0001ECE0 0001EC8C,SetCursor GetPort LMGetMBarHeight LMGetMBarHeight OffsetRect NewWindow SysBeep SetPort TextFont TextSize TextFace SetRect BlockMoveData TETextBox SetRect GetIcon PlotIcon SetRect NewControl GetNextEvent FindWindow GlobalToLocal FindControl TrackControl DisposeControl DisposeWindow SetPort
000202C0,00020840,1408,00023850 000238D0 00023850 0001ECE0 0001EC8C 0001EC8C 0001EC8C,SetCursor GetPort LMGetMBarHeight LMGetMBarHeight OffsetRect NewWindow SysBeep SetPort TextFont TextSize TextFace SetRect BlockMoveData TETextBox SetRect GetIcon PlotIcon SetRect NewControl SetRect NewControl SetRect NewControl SetRect NewControl GetNextEvent FindWindow GlobalToLocal FindControl TrackControl DisposeControl DisposeControl DisposeControl DisposeWindow SetPort
00020840,000208F4,180,00023B40 000263DC 00023B44 0002469C 000263DC 000208F4,
000208F4,0002098C,152,00023B40 000263DC 00023B44 00023B3C 000263DC,ExitToShell
0002098C,00020A00,116,00023B40 00021A48 00021A8C 00023B44,
00020A00,00020A50,80,00023B40 00021BFC 00023B44,
00020A50,00020B64,276,00020D84 00020D84,
00020B64,00020BE4,128,00023B40 000213F0 00023B44,
00020BE4,00020C58,116,000214BC,
00020C58,00020C9C,68,,
00020C9C,00020CD0,52,,
00020CD0,00020D84,180,00020C58 000263DC 00020C9C,
00020D84,00020EE8,356,000214BC 00020A00 0002098C,
00020EE8,000210A0,440,00021A38 00021898 00020C9C 00020CD0 00020CD0,
000210A0,000213F0,848,000241E8 000241E8 00021A38 00021898 00020C9C 00021954 000218B8 00020CD0 00020CD0 00020C9C,
000213F0,000214BC,204,000214BC 000263DC 00020A00,
000214BC,00021608,332,00020BE4 0002167C 00020CD0,
00021608,0002167C,116,,
0002167C,0002169C,32,00021608,
0002169C,00021898,508,00020CD0 00021608 000263DC,
00021898,000218B8,32,0002169C,
000218B8,000218F4,60,,BlockMoveData
000218F4,00021924,48,00021984,
00021924,00021954,48,,
00021954,00021984,48,,
00021984,00021A38,180,,
00021A38,00021A48,16,,
00021A48,00021A8C,68,,
00021A8C,00021BFC,368,000263DC 00021CE8 00021D90 00021D60 000263DC 00021CE8 00021DC8,
00021BFC,00021CE8,236,00021E9C 000263DC 00021D40,
00021CE8,00021D40,88,,
00021D40,00021D60,32,,
00021D60,00021D90,48,,
00021D90,00021DC8,56,,
00021DC8,00021E9C,212,00021D60 00021D40,
00021E9C,00021F64,200,00021D60 00021D60,
00021F64,000223CC,1128,,
000223CC,00022604,568,,
00022604,000228E8,740,00024858 0002476C,
000228E8,00022A1C,308,,
00022A1C,00022FD0,1460,00023870 00023870 00023870 000228E8 000228E8 000228E8,num2dec
00022FD0,000236BC,1772,000241E8 000238FC 00023850 000210A0 000210A0 00021F64 00022604 000223CC 00022604 000223CC 00022A1C 00021924 00023850 00023850 000210A0 000241E8 00020EE8 000241E8 00020EE8 000210A0 000241E8 00020EE8,
000236BC,00023748,140,00023930 00022FD0,
00023748,00023794,76,000236BC,
00023794,00023850,188,00023B40 00023B44 00020840 000263DC,
00023850,00023870,32,,
00023870,0002388C,28,,
0002388C,000238D0,68,,
000238D0,000238FC,44,,
000238FC,00023930,52,,
00023930,000239AC,124,00020A50 00020C9C,
000239AC,00023A40,148,00023B40 00021A38 0001D0E0 00023B44,
00023A40,00023AC0,128,000239AC 000214BC 0001D898,
00023AC0,00023B3C,124,000239AC 0001D304,
00023B3C,00023B40,4,,
00023B40,00023B44,4,,
00023B44,00023B48,4,,
00023B48,00023BFC,180,,
00023BFC,00023CC8,204,000263DC,PBReadAsync PBReadSync
00023CC8,00023D70,168,000263DC,PBWriteAsync PBWriteSync
00023D70,00023F1C,428,000263DC 000263DC 000263DC,PBGetEOFAsync PBGetEOFSync PBSetEOFAsync PBSetEOFSync PBSetFPosAsync PBSetFPosSync
00023F1C,00023FC8,172,00023B48,PBCloseSync PBHDeleteSync
00023FC8,00024074,172,00024268,NewPtr Gestalt GetCurrentProcess
00024074,00024128,180,00024300,Gestalt GetCurrentProcess GetPtrSize DisposePtr
00024128,00024148,32,00023794,
00024148,000241E8,160,,GetToolTrapAddress GetToolTrapAddress Gestalt
000241E8,00024268,128,,
00024268,00024300,152,000243A4 000243F4,
00024300,000243A4,164,000243A4 000243F4,
000243A4,000243F4,80,00024438,Gestalt
000243F4,00024438,68,00024438,
00024438,000244C0,136,000218F4,GetProcessInformation
000244C0,0002469C,476,,
0002469C,000246F0,84,000263DC,
000246F0,000246FC,12,,
000246FC,00024704,8,,
00024704,0002476C,104,000246F0 000246FC 000244C0 00000000 0000001C 00020840,
0002476C,00024858,236,,
00024858,0002493C,228,,
0002493C,00024954,24,,
00024954,0002496C,24,,
0002496C,00024984,24,,
00024984,0002499C,24,,
0002499C,000249B4,24,,
000249B4,000249CC,24,,
000249CC,000249E4,24,,
000249E4,000249FC,24,,
000249FC,00024A14,24,,
00024A14,00024A2C,24,,
00024A2C,00024A44,24,,
00024A44,00024A5C,24,,
00024A5C,00024A74,24,,
00024A74,00024A8C,24,,
00024A8C,00024AA4,24,,
00024AA4,00024ABC,24,,
00024ABC,00024AD4,24,,
00024AD4,00024AEC,24,,
00024AEC,00024B04,24,,
00024B04,00024B1C,24,,
00024B1C,00024B34,24,,
00024B34,00024B4C,24,,
00024B4C,00024B64,24,,
00024B64,00024B7C,24,,
00024B7C,00024B94,24,,
00024B94,00024BAC,24,,
00024BAC,00024BC4,24,,
00024BC4,00024BDC,24,,
00024BDC,00024BF4,24,,
00024BF4,00024C0C,24,,
00024C0C,00024C24,24,,
00024C24,00024C3C,24,,
00024C3C,00024C54,24,,
00024C54,00024C6C,24,,
00024C6C,00024C84,24,,
00024C84,00024C9C,24,,
00024C9C,00024CB4,24,,
00024CB4,00024CCC,24,,
00024CCC,00024CE4,24,,
00024CE4,00024CFC,24,,
00024CFC,00024D14,24,,
00024D14,00024D2C,24,,
00024D2C,00024D44,24,,
00024D44,00024D5C,24,,
00024D5C,00024D74,24,,
00024D74,00024D8C,24,,
00024D8C,00024DA4,24,,
00024DA4,00024DBC,24,,
00024DBC,00024DD4,24,,
00024DD4,00024DEC,24,,
00024DEC,00024E04,24,,
00024E04,00024E1C,24,,
00024E1C,00024E34,24,,
00024E34,00024E4C,24,,
00024E4C,00024E64,24,,
00024E64,00024E7C,24,,
00024E7C,00024E94,24,,
00024E94,00024EAC,24,,
00024EAC,00024EC4,24,,
00024EC4,00024EDC,24,,
00024EDC,00024EF4,24,,
00024EF4,00024F0C,24,,
00024F0C,00024F24,24,,
00024F24,00024F3C,24,,
00024F3C,00024F54,24,,
00024F54,00024F6C,24,,
00024F6C,00024F84,24,,
00024F84,00024F9C,24,,
00024F9C,00024FB4,24,,
00024FB4,00024FCC,24,,
00024FCC,00024FE4,24,,
00024FE4,00024FFC,24,,
00024FFC,00025014,24,,
00025014,0002502C,24,,
0002502C,00025044,24,,
00025044,0002505C,24,,
0002505C,00025074,24,,
00025074,0002508C,24,,
0002508C,000250A4,24,,
000250A4,000250BC,24,,
000250BC,000250D4,24,,
000250D4,000250EC,24,,
000250EC,00025104,24,,
00025104,0002511C,24,,
0002511C,00025134,24,,
00025134,0002514C,24,,
0002514C,00025164,24,,
00025164,0002517C,24,,
0002517C,00025194,24,,
00025194,000251AC,24,,
000251AC,000251C4,24,,
000251C4,000251DC,24,,
000251DC,000251F4,24,,
000251F4,0002520C,24,,
0002520C,00025224,24,,
00025224,0002523C,24,,
0002523C,00025254,24,,
00025254,0002526C,24,,
0002526C,00025284,24,,
00025284,0002529C,24,,
0002529C,000252B4,24,,
000252B4,000252CC,24,,
000252CC,000252E4,24,,
000252E4,000252FC,24,,
000252FC,00025314,24,,
00025314,0002532C,24,,
0002532C,00025344,24,,
00025344,0002535C,24,,
0002535C,00025374,24,,
00025374,0002538C,24,,
0002538C,000253A4,24,,
000253A4,000253BC,24,,
000253BC,000253D4,24,,
000253D4,000253EC,24,,
000253EC,00025404,24,,
00025404,0002541C,24,,
0002541C,00025434,24,,
00025434,0002544C,24,,
0002544C,00025464,24,,
00025464,0002547C,24,,
0002547C,00025494,24,,
00025494,000254AC,24,,
000254AC,000254C4,24,,
000254C4,000254DC,24,,
000254DC,000254F4,24,,
000254F4,0002550C,24,,
0002550C,00025524,24,,
00025524,0002553C,24,,
0002553C,00025554,24,,
00025554,0002556C,24,,
0002556C,00025584,24,,
00025584,0002559C,24,,
0002559C,000255B4,24,,
000255B4,000255CC,24,,
000255CC,000255E4,24,,
000255E4,000255FC,24,,
000255FC,00025614,24,,
00025614,0002562C,24,,
0002562C,00025644,24,,
00025644,0002565C,24,,
0002565C,00025674,24,,
00025674,0002568C,24,,
0002568C,000256A4,24,,
000256A4,000256BC,24,,
000256BC,000256D4,24,,
000256D4,000256EC,24,,
000256EC,00025704,24,,
00025704,0002571C,24,,
0002571C,00025734,24,,
00025734,0002574C,24,,
0002574C,00025764,24,,
00025764,0002577C,24,,
0002577C,00025794,24,,
00025794,000257AC,24,,
000257AC,000257C4,24,,
000257C4,000257DC,24,,
000257DC,000257F4,24,,
000257F4,0002580C,24,,
0002580C,00025824,24,,
00025824,0002583C,24,,
0002583C,00025854,24,,
00025854,0002586C,24,,
0002586C,00025884,24,,
00025884,0002589C,24,,
0002589C,000258B4,24,,
000258B4,000258CC,24,,
000258CC,000258E4,24,,
000258E4,000258FC,24,,
000258FC,00025914,24,,
00025914,0002592C,24,,
0002592C,00025944,24,,
00025944,0002595C,24,,
0002595C,00025974,24,,
00025974,0002598C,24,,
0002598C,000259A4,24,,
000259A4,000259BC,24,,
000259BC,000259D4,24,,
000259D4,000259EC,24,,
000259EC,00025A04,24,,
00025A04,00025A1C,24,,
00025A1C,00025A34,24,,
00025A34,00025A4C,24,,
00025A4C,00025A64,24,,
00025A64,00025A7C,24,,
00025A7C,00025A94,24,,
00025A94,00025AAC,24,,
00025AAC,00025AC4,24,,
00025AC4,00025ADC,24,,
00025ADC,00025AF4,24,,
00025AF4,00025B0C,24,,
00025B0C,00025B24,24,,
00025B24,00025B3C,24,,
00025B3C,00025B54,24,,
00025B54,00025B6C,24,,
00025B6C,00025B84,24,,
00025B84,00025B9C,24,,
00025B9C,00025BB4,24,,
00025BB4,00025BCC,24,,
00025BCC,00025BE4,24,,
00025BE4,00025BFC,24,,
00025BFC,00025C14,24,,
00025C14,00025C2C,24,,
00025C2C,00025C44,24,,
00025C44,00025C5C,24,,
00025C5C,00025C74,24,,
00025C74,00025C8C,24,,
00025C8C,00025CA4,24,,
00025CA4,00025CBC,24,,
00025CBC,00025CD4,24,,
00025CD4,00025CEC,24,,
00025CEC,00025D04,24,,
00025D04,00025D1C,24,,
00025D1C,00025D34,24,,
00025D34,00025D4C,24,,
00025D4C,00025D64,24,,
00025D64,00025D7C,24,,
00025D7C,00025D94,24,,
00025D94,00025DAC,24,,
00025DAC,00025DC4,24,,
00025DC4,00025DDC,24,,
00025DDC,00025DF4,24,,
00025DF4,00025E0C,24,,
00025E0C,00025E24,24,,
00025E24,00025E3C,24,,
00025E3C,00025E54,24,,
00025E54,00025E6C,24,,
00025E6C,00025E84,24,,
00025E84,00025E9C,24,,
00025E9C,00025EB4,24,,
00025EB4,00025ECC,24,,
00025ECC,00025EE4,24,,
00025EE4,00025EFC,24,,
00025EFC,00025F14,24,,
00025F14,00025F2C,24,,
00025F2C,00025F44,24,,
00025F44,00025F5C,24,,
00025F5C,00025F74,24,,
00025F74,00025F8C,24,,
00025F8C,00025FA4,24,,
00025FA4,00025FBC,24,,
00025FBC,00025FD4,24,,
00025FD4,00025FEC,24,,
00025FEC,00026004,24,,
00026004,0002601C,24,,
0002601C,00026034,24,,
00026034,0002604C,24,,
0002604C,00026064,24,,
00026064,0002607C,24,,
0002607C,00026094,24,,
00026094,000260AC,24,,
000260AC,000260C4,24,,
000260C4,000260DC,24,,
000260DC,000260F4,24,,
000260F4,0002610C,24,,
0002610C,00026124,24,,
00026124,0002613C,24,,
0002613C,00026154,24,,
00026154,0002616C,24,,
0002616C,00026184,24,,
00026184,0002619C,24,,
0002619C,000261B4,24,,
000261B4,000261CC,24,,
000261CC,000261E4,24,,
000261E4,000261FC,24,,
000261FC,00026214,24,,
00026214,0002622C,24,,
0002622C,00026244,24,,
00026244,0002625C,24,,
0002625C,00026274,24,,
00026274,0002628C,24,,
0002628C,000262A4,24,,
000262A4,000262BC,24,,
000262BC,000262D4,24,,
000262D4,000262EC,24,,
000262EC,00026304,24,,
00026304,0002631C,24,,
0002631C,00026334,24,,
00026334,0002634C,24,,
0002634C,00026364,24,,
00026364,0002637C,24,,
0002637C,00026394,24,,
00026394,000263AC,24,,
000263AC,000263C4,24,,
000263C4,000263DC,24,,
000263DC,00026630,596,,
